<images>
	<image source="Ace08.jpg" width="85" />
	<image source="Ava20.jpg" width="85" />
	<image source="Erin_Bridal-3-Edit.jpg" width="85" />
	<image source="Jennifer01.jpg" width="85" />
	<image source="le_wedding-163.jpg" width="85" />
	<image source="leshner15.jpg" width="85" />
	<image source="Maternity06.jpg" width="85" />
	<image source="Mylia02.jpg" width="85" />
	<image source="Paczos201.jpg" width="85" />
	<image source="Portfolio02.jpg" width="85" />
	<image source="Portfolio34.jpg" width="85" />
	<image source="Portfolio40.jpg" width="85" />
	<image source="Portfolio61.jpg" width="85" />
</images>